Pair,Ratio,Z-Score,RSI,MACD,Signal
VIVT3/KLBN11,1.7979,-3.22,31.5,-0.0268,WATCH LONG
TIMS3/ALPA4,1.707,-3.12,35.8,-0.0029,WATCH LONG
VIVT3/CMIG4,2.9197,-3.07,34.5,-0.0132,WATCH LONG
TIMS3/TOTS3,0.6638,-2.81,33.3,-0.0124,WATCH LONG
SBSP3/TOTS3,0.9144,-2.75,36.8,-0.0045,WATCH LONG
TAEE11/KLBN11,2.171,-2.66,30.1,-0.0293,WATCH LONG
TIMS3/KLBN11,1.0899,-2.64,24.2,-0.0423,WATCH LONG
TIMS3/CMIG4,1.7701,-2.64,27.7,-0.0484,WATCH LONG
VIVT3/CSAN3,8.2813,-2.61,37.1,-0.0912,WATCH LONG
TIMS3/ASAI3,2.3968,-2.61,36.3,-0.0254,WATCH LONG
EQTL3/RAIL3,2.7168,-2.59,34.4,-0.0238,WATCH LONG
VIVT3/GOAU4,3.0149,-2.53,29.0,-0.0833,WATCH LONG
SBSP3/ASAI3,3.3016,-2.53,40.0,0.0098,LONG FIRST / SHORT SECOND
SBSP3/KLBN11,1.5014,-2.46,26.3,-0.0357,WATCH LONG
SBSP3/ALPA4,2.3513,-2.43,42.3,0.0258,LONG FIRST / SHORT SECOND
SBSP3/CSAN3,6.9156,-2.42,29.7,-0.1364,WATCH LONG
SBSP3/MULT3,0.9794,-2.41,38.4,-0.0005,WATCH LONG
TIMS3/CSAN3,5.0205,-2.41,32.5,-0.1733,WATCH LONG
VIVT3/VAMO3,9.9325,-2.39,32.1,-0.2913,WATCH LONG
TIMS3/TAEE11,0.502,-2.38,33.7,-0.0116,WATCH LONG
MULT3/TOTS3,0.9337,-2.33,39.4,-0.0039,LONG FIRST / SHORT SECOND
VIVT3/TOTS3,1.095,-2.3,38.4,0.0043,LONG FIRST / SHORT SECOND
EQTL3/KLBN11,2.1044,-2.25,32.2,-0.036,LONG FIRST / SHORT SECOND
EQTL3/CMIG4,3.4175,-2.21,32.5,-0.0239,LONG FIRST / SHORT SECOND
BBDC4/KLBN11,1.0194,-2.2,38.0,-0.0032,LONG FIRST / SHORT SECOND
RADL3/GOAU4,1.6508,-2.2,32.1,-0.034,WATCH LONG
TIMS3/MULT3,0.711,-2.2,36.7,-0.0098,WATCH LONG
BPAC11/RAIL3,3.9405,-2.18,41.8,0.0091,WATCH LONG
MULT3/CSAN3,7.0614,-2.18,34.3,-0.1341,LONG FIRST / SHORT SECOND
RADL3/GGBR4,0.7138,-2.16,30.5,-0.0177,WATCH LONG
TIMS3/GOAU4,1.8277,-2.14,23.6,-0.0956,WATCH LONG
ITUB4/KLBN11,2.3309,-2.11,37.2,-0.0163,LONG FIRST / SHORT SECOND
TIMS3/VAMO3,6.0215,-2.1,25.7,-0.3273,WATCH LONG
RADL3/VAMO3,5.4387,-2.09,34.4,-0.1182,WATCH LONG
CMIG4/KLBN11,0.6158,-2.07,38.9,-0.006,LONG FIRST / SHORT SECOND
CYRE3/TOTS3,0.698,-2.03,39.4,-0.0095,LONG FIRST / SHORT SECOND
EQTL3/CSAN3,9.6931,-2.03,36.8,-0.1317,WATCH LONG
TIMS3/PCAR3,7.0612,-1.98,32.2,-0.789,WATCH LONG
BBDC4/BBAS3,0.8818,-1.97,43.9,0.0002,WATCH LONG
VIVT3/PCAR3,11.6475,-1.95,35.2,-0.9572,WATCH LONG
BPAC11/KLBN11,3.0522,-1.93,39.0,-0.0175,WATCH LONG
TAEE11/CSAN3,10.0,-1.92,38.9,-0.102,WATCH LONG
EQTL3/TOTS3,1.2817,-1.9,41.9,0.0014,WATCH LONG
SBSP3/GOAU4,2.5177,-1.9,22.8,-0.0923,WATCH LONG
ITUB4/RAIL3,3.0093,-1.88,43.6,0.0022,WATCH LONG
SBSP3/VAMO3,8.2945,-1.87,27.5,-0.3199,WATCH LONG
TIMS3/USIM5,2.3823,-1.85,39.7,-0.0177,WATCH LONG
BBDC4/SUZB3,0.4304,-1.83,44.3,0.0015,WATCH LONG
TAEE11/GOAU4,3.6406,-1.82,29.1,-0.0934,WATCH LONG
ITUB4/SUZB3,0.9841,-1.82,43.1,-0.0004,WATCH LONG
VIVT3/TAEE11,0.8281,-1.81,42.3,-0.0009,WATCH LONG
TAEE11/VAMO3,11.9939,-1.81,30.9,-0.3344,WATCH LONG
TIMS3/CYRE3,0.9511,-1.8,38.4,-0.0048,NO SIGNAL
RADL3/KLBN11,0.9845,-1.78,38.1,-0.0087,NO SIGNAL
B3SA3/VAMO3,4.7485,-1.76,38.9,-0.0811,NO SIGNAL
VIVT3/UGPA3,1.0087,-1.75,32.2,-0.0609,NO SIGNAL
SBSP3/PCAR3,9.7266,-1.75,33.7,-0.8815,NO SIGNAL
B3SA3/GGBR4,0.6232,-1.73,37.2,-0.0123,NO SIGNAL
EQTL3/GGBR4,1.5258,-1.72,25.4,-0.0513,NO SIGNAL
MULT3/GOAU4,2.5708,-1.71,26.5,-0.0909,NO SIGNAL
EQTL3/GOAU4,3.5289,-1.71,26.7,-0.1033,NO SIGNAL
EQTL3/VAMO3,11.6258,-1.71,28.0,-0.3646,NO SIGNAL
MULT3/VAMO3,8.4693,-1.69,30.1,-0.3164,NO SIGNAL
RENT3/TOTS3,1.258,-1.69,39.0,-0.0301,NO SIGNAL
BPAC11/SUZB3,1.2886,-1.68,43.5,0.0011,NO SIGNAL
SBSP3/TAEE11,0.6916,-1.67,39.9,-0.0064,NO SIGNAL
TIMS3/UGPA3,0.6115,-1.67,26.8,-0.0535,NO SIGNAL
LREN3/TOTS3,0.4521,-1.67,39.1,-0.0073,NO SIGNAL
BPAC11/CSAN3,14.0588,-1.65,42.8,-0.0293,NO SIGNAL
ITUB4/CMIG4,3.7854,-1.65,46.2,0.0095,NO SIGNAL
TAEE11/TOTS3,1.3223,-1.65,42.4,0.006,NO SIGNAL
B3SA3/GOAU4,1.4413,-1.65,38.3,-0.0227,NO SIGNAL
ITUB4/BBAS3,2.0163,-1.63,40.7,-0.0075,NO SIGNAL
BPAC11/VAMO3,16.862,-1.63,35.0,-0.3243,NO SIGNAL
ITUB4/CSAN3,10.7366,-1.62,43.8,-0.0421,NO SIGNAL
BPAC11/GGBR4,2.213,-1.62,34.0,-0.0479,NO SIGNAL
BBDC4/GGBR4,0.7391,-1.61,34.2,-0.014,NO SIGNAL
TIMS3/MGLU3,4.1414,-1.61,38.7,-0.0481,NO SIGNAL
BPAC11/GOAU4,5.1182,-1.6,33.8,-0.0896,NO SIGNAL
BBDC4/VAMO3,5.6319,-1.6,37.9,-0.0944,NO SIGNAL
VIVT3/ALPA4,2.8157,-1.59,43.6,0.0548,NO SIGNAL
BBDC4/GOAU4,1.7095,-1.58,35.6,-0.0253,NO SIGNAL
TIMS3/YDUQ3,2.4295,-1.58,39.8,0.0228,NO SIGNAL
CYRE3/ASAI3,2.5201,-1.57,43.5,-0.0138,NO SIGNAL
PETR4/PETR3,0.8839,-1.55,39.9,-0.0031,NO SIGNAL
TIMS3/SBSP3,0.726,-1.53,40.7,-0.0097,NO SIGNAL
ITUB4/ABEV3,2.6172,-1.52,45.3,0.0213,NO SIGNAL
SBSP3/USIM5,3.2816,-1.5,43.8,0.016,NO SIGNAL
ITUB4/GGBR4,1.69,-1.5,33.0,-0.0391,NO SIGNAL
ITUB4/VAMO3,12.8773,-1.46,35.9,-0.2717,NO SIGNAL
BBDC4/PETR3,0.3868,-1.46,42.0,-0.0028,NO SIGNAL
ITUB4/GOAU4,3.9088,-1.45,33.9,-0.074,NO SIGNAL
TAEE11/PCAR3,14.0647,-1.44,34.3,-1.1043,NO SIGNAL
HAPV3/VAMO3,3.2147,-1.42,38.2,-0.1161,NO SIGNAL
CYRE3/CSAN3,5.2788,-1.42,37.4,-0.1487,NO SIGNAL
VIVT3/USIM5,3.9296,-1.41,45.3,0.0518,NO SIGNAL
SBSP3/UGPA3,0.8424,-1.39,27.6,-0.0584,NO SIGNAL
RENT3/RAIL3,2.6667,-1.39,29.6,-0.0912,NO SIGNAL
CYRE3/VAMO3,6.3313,-1.39,30.2,-0.2993,NO SIGNAL
MULT3/PCAR3,9.9317,-1.38,35.2,-0.894,NO SIGNAL
VIVT3/MGLU3,6.8312,-1.37,44.0,0.0684,NO SIGNAL
LREN3/KLBN11,0.7424,-1.36,33.7,-0.026,NO SIGNAL
ITUB4/PETR3,0.8843,-1.35,41.5,-0.01,NO SIGNAL
CYRE3/GOAU4,1.9218,-1.35,29.8,-0.0874,NO SIGNAL
RENT3/KLBN11,2.0655,-1.35,30.9,-0.0898,NO SIGNAL
BPAC11/CMIG4,4.9567,-1.34,46.3,0.0192,NO SIGNAL
CMIG4/VAMO3,3.4018,-1.33,36.2,-0.0793,NO SIGNAL
CYRE3/ALPA4,1.7948,-1.29,45.1,0.005,NO SIGNAL
CMIG4/GOAU4,1.0326,-1.29,34.0,-0.0223,NO SIGNAL
RADL3/UGPA3,0.5523,-1.28,34.9,-0.0284,NO SIGNAL
EQTL3/PCAR3,13.6331,-1.28,35.9,-1.1255,NO SIGNAL
USIM5/PCAR3,2.964,-1.28,36.3,-0.3338,NO SIGNAL
USIM5/VAMO3,2.5276,-1.27,36.2,-0.1273,NO SIGNAL
RENT3/SUZB3,0.872,-1.26,35.7,-0.031,NO SIGNAL
HAPV3/GOAU4,0.9758,-1.26,39.7,-0.0332,NO SIGNAL
BPAC11/B3SA3,3.551,-1.25,44.7,-0.0074,NO SIGNAL
RADL3/RAIL3,1.271,-1.25,41.9,-0.0003,NO SIGNAL
SBSP3/MGLU3,5.7046,-1.25,40.8,0.0067,NO SIGNAL
RENT3/GGBR4,1.4976,-1.25,24.3,-0.0919,NO SIGNAL
RENT3/VAMO3,11.411,-1.23,28.4,-0.6669,NO SIGNAL
USIM5/GOAU4,0.7672,-1.23,32.6,-0.0355,NO SIGNAL
LREN3/VAMO3,4.1012,-1.22,32.5,-0.2072,NO SIGNAL
SBSP3/CYRE3,1.3101,-1.22,45.2,0.0104,NO SIGNAL
ITUB4/TOTS3,1.4197,-1.22,46.0,0.0145,NO SIGNAL
TAEE11/UGPA3,1.2181,-1.21,26.4,-0.0699,NO SIGNAL
CYRE3/PCAR3,7.4245,-1.21,35.9,-0.7415,NO SIGNAL
BBAS3/GGBR4,0.8382,-1.21,39.4,-0.0159,NO SIGNAL
RENT3/GOAU4,3.4637,-1.21,23.9,-0.1958,NO SIGNAL
CSAN3/VAMO3,1.1994,-1.2,41.5,-0.0207,NO SIGNAL
RADL3/CSAN3,4.5345,-1.19,41.8,-0.0211,NO SIGNAL
RENT3/WEGE3,0.8144,-1.19,36.8,-0.0284,NO SIGNAL
LREN3/GOAU4,1.2449,-1.18,28.1,-0.0593,NO SIGNAL
BBDC4/B3SA3,1.186,-1.18,47.1,0.0005,NO SIGNAL
BBAS3/VAMO3,6.3865,-1.18,41.1,-0.1053,NO SIGNAL
RENT3/CSAN3,9.5141,-1.16,33.6,-0.3708,NO SIGNAL
BPAC11/PRIO3,0.9432,-1.14,46.5,0.0029,NO SIGNAL
MULT3/UGPA3,0.8601,-1.14,28.7,-0.0584,NO SIGNAL
PRIO3/GGBR4,2.3462,-1.13,41.8,-0.0594,NO SIGNAL
VIVT3/MULT3,1.1728,-1.13,43.6,0.0089,NO SIGNAL
EQTL3/UGPA3,1.1807,-1.12,30.6,-0.0721,NO SIGNAL
BPAC11/TOTS3,1.859,-1.12,46.2,0.0217,NO SIGNAL
EQTL3/CSNA3,7.1917,-1.11,44.5,-0.0854,NO SIGNAL
RAIL3/GGBR4,0.5616,-1.11,39.1,-0.0135,NO SIGNAL
VIVT3/ASAI3,3.9536,-1.1,42.5,0.0446,NO SIGNAL
ITUB4/B3SA3,2.7119,-1.1,44.7,-0.0099,NO SIGNAL
LREN3/CSAN3,3.4194,-1.1,35.4,-0.1089,NO SIGNAL
ITUB4/PCAR3,15.1007,-1.09,38.2,-1.0421,NO SIGNAL
MULT3/ALPA4,2.4009,-1.09,47.2,0.0276,NO SIGNAL
SUZB3/GGBR4,1.7174,-1.08,37.4,-0.0387,NO SIGNAL
RAIL3/VAMO3,4.2791,-1.07,40.6,-0.0907,NO SIGNAL
SUZB3/KLBN11,2.3687,-1.07,43.2,-0.0162,NO SIGNAL
YDUQ3/VAMO3,2.4785,-1.06,34.3,-0.1518,NO SIGNAL
RADL3/CSNA3,3.3643,-1.06,47.2,-0.0094,NO SIGNAL
RENT3/CMIG4,3.3544,-1.06,33.9,-0.1074,NO SIGNAL
RENT3/PCAR3,13.3813,-1.06,35.4,-1.5353,NO SIGNAL
SBSP3/YDUQ3,3.3465,-1.05,44.8,0.0722,NO SIGNAL
RADL3/PCAR3,6.3777,-1.05,37.2,-0.465,NO SIGNAL
ITUB4/PRIO3,0.7203,-1.05,46.4,0.0011,NO SIGNAL
BPAC11/PCAR3,19.7734,-1.04,38.2,-1.3212,NO SIGNAL
BBAS3/GOAU4,1.9385,-1.04,41.9,-0.0289,NO SIGNAL
CSNA3/VAMO3,1.6166,-1.02,43.0,-0.0355,NO SIGNAL
LREN3/PCAR3,4.8094,-1.02,36.7,-0.5106,NO SIGNAL
YDUQ3/GOAU4,0.7523,-1.02,33.0,-0.045,NO SIGNAL
HAPV3/KLBN11,0.5819,-1.0,41.5,-0.0132,NO SIGNAL
LREN3/CMIG4,1.2056,-1.0,38.0,-0.0292,NO SIGNAL
PETR4/GGBR4,1.6892,-1.0,43.8,-0.0258,NO SIGNAL
RENT3/B3SA3,2.4031,-0.99,30.8,-0.0917,NO SIGNAL
CYRE3/UGPA3,0.643,-0.98,33.3,-0.0503,NO SIGNAL
RAIL3/GOAU4,1.2989,-0.98,40.4,-0.0258,NO SIGNAL
PRIO3/VAMO3,17.8773,-0.98,44.4,-0.415,NO SIGNAL
BPAC11/UGPA3,1.7125,-0.98,34.6,-0.0813,NO SIGNAL
ASAI3/PCAR3,2.946,-0.98,37.5,-0.2696,NO SIGNAL
SUZB3/VAMO3,13.0859,-0.97,42.1,-0.2681,NO SIGNAL
MGLU3/UGPA3,0.1477,-0.97,35.5,-0.0114,NO SIGNAL
RENT3/PRIO3,0.6383,-0.96,40.9,-0.0209,NO SIGNAL
BPAC11/CSNA3,10.4307,-0.94,48.3,-0.0149,NO SIGNAL
ABEV3/GGBR4,0.6457,-0.94,35.5,-0.0206,NO SIGNAL
BBDC4/RAIL3,1.3161,-0.93,45.7,0.0062,NO SIGNAL
USIM5/CSAN3,2.1074,-0.93,40.7,-0.0685,NO SIGNAL
BBDC4/PRIO3,0.315,-0.91,47.4,0.0018,NO SIGNAL
ABEV3/VAMO3,4.9202,-0.89,38.9,-0.1494,NO SIGNAL
ITUB4/UGPA3,1.3078,-0.89,35.2,-0.0646,NO SIGNAL
BBAS3/PETR3,0.4386,-0.89,46.2,-0.0031,NO SIGNAL
ALPA4/PCAR3,4.1367,-0.89,37.3,-0.4389,NO SIGNAL
HAPV3/UGPA3,0.3265,-0.88,39.4,-0.0218,NO SIGNAL
SUZB3/GOAU4,3.9721,-0.88,40.4,-0.0733,NO SIGNAL
RENT3/CSNA3,7.0588,-0.88,41.6,-0.2545,NO SIGNAL
VALE3/GGBR4,3.0262,-0.88,30.0,-0.1259,NO SIGNAL
ABEV3/KLBN11,0.8906,-0.87,37.8,-0.0142,NO SIGNAL
WEGE3/GGBR4,1.839,-0.87,39.1,-0.0434,NO SIGNAL
BBDC4/PCAR3,6.6043,-0.87,38.8,-0.4309,NO SIGNAL
RENT3/UGPA3,1.1589,-0.87,30.3,-0.1051,NO SIGNAL
ITUB4/CSNA3,7.9658,-0.86,48.2,-0.0242,NO SIGNAL
RADL3/TOTS3,0.5996,-0.86,45.1,0.0057,NO SIGNAL
BBDC4/UGPA3,0.572,-0.85,34.7,-0.0258,NO SIGNAL
EQTL3/ALPA4,3.2957,-0.85,49.6,0.0537,NO SIGNAL
LREN3/CSNA3,2.537,-0.85,42.4,-0.0721,NO SIGNAL
YDUQ3/PCAR3,2.9065,-0.84,38.1,-0.3413,NO SIGNAL
VALE3/VAMO3,23.0583,-0.84,36.8,-0.9124,NO SIGNAL
ITUB4/WEGE3,0.919,-0.84,45.6,0.0002,NO SIGNAL
ITUB4/BBDC4,2.2865,-0.84,44.9,-0.0086,NO SIGNAL
PRIO3/GOAU4,5.4264,-0.84,43.8,-0.1157,NO SIGNAL
LREN3/UGPA3,0.4165,-0.83,32.4,-0.0341,NO SIGNAL
KLBN11/VAMO3,5.5245,-0.83,44.9,-0.0743,NO SIGNAL
CMIG4/PCAR3,3.9892,-0.82,38.2,-0.2913,NO SIGNAL
ALPA4/UGPA3,0.3583,-0.82,34.8,-0.0294,NO SIGNAL
USIM5/UGPA3,0.2567,-0.82,33.9,-0.0214,NO SIGNAL
WEGE3/VAMO3,14.0123,-0.82,41.7,-0.3026,NO SIGNAL
YDUQ3/CSAN3,2.0665,-0.82,41.2,-0.0866,NO SIGNAL
ASAI3/UGPA3,0.2551,-0.81,34.9,-0.0179,NO SIGNAL
PETR4/VAMO3,12.8712,-0.81,46.1,-0.1655,NO SIGNAL
CYRE3/USIM5,2.5049,-0.81,48.0,-0.008,NO SIGNAL
BBDC4/CSNA3,3.4839,-0.81,49.5,0.0045,NO SIGNAL
ABEV3/GOAU4,1.4935,-0.8,37.3,-0.0412,NO SIGNAL
BBDC4/CSAN3,4.6957,-0.8,45.7,0.0002,NO SIGNAL
RADL3/CMIG4,1.5987,-0.79,43.4,0.0019,NO SIGNAL
RENT3/ASAI3,4.5421,-0.77,42.7,-0.0719,NO SIGNAL
MULT3/MGLU3,5.8249,-0.77,46.3,0.0125,NO SIGNAL
MULT3/ASAI3,3.3712,-0.77,44.0,0.0111,NO SIGNAL
YDUQ3/UGPA3,0.2517,-0.76,35.1,-0.0235,NO SIGNAL
VALE3/GOAU4,6.9991,-0.76,32.4,-0.2603,NO SIGNAL
RAIL3/KLBN11,0.7746,-0.75,45.7,-0.0065,NO SIGNAL
TAEE11/ALPA4,3.4,-0.74,49.3,0.0673,NO SIGNAL
WEGE3/GOAU4,4.2533,-0.74,41.4,-0.0825,NO SIGNAL
HAPV3/PCAR3,3.7698,-0.73,40.1,-0.3433,NO SIGNAL
TOTS3/VAMO3,9.0706,-0.73,44.5,-0.2859,NO SIGNAL
HAPV3/CSNA3,1.9886,-0.73,47.3,-0.0292,NO SIGNAL
CYRE3/MGLU3,4.3544,-0.72,44.9,-0.0307,NO SIGNAL
BBDC4/ABEV3,1.1446,-0.72,47.5,0.0136,NO SIGNAL
CSNA3/GOAU4,0.4907,-0.72,42.2,-0.01,NO SIGNAL
EQTL3/RADL3,2.1376,-0.72,43.7,-0.0184,NO SIGNAL
CMIG4/UGPA3,0.3455,-0.71,33.5,-0.018,NO SIGNAL
KLBN11/GOAU4,1.6769,-0.71,44.0,-0.019,NO SIGNAL
RENT3/ALPA4,3.2348,-0.71,45.9,-0.0228,NO SIGNAL
BPAC11/WEGE3,1.2034,-0.71,45.6,0.0017,NO SIGNAL
BBAS3/KLBN11,1.156,-0.71,45.8,-0.004,NO SIGNAL
CMIG4/CSAN3,2.8363,-0.71,46.2,-0.0176,NO SIGNAL
VALE3/PETR3,1.5835,-0.7,40.2,-0.0459,NO SIGNAL
MULT3/USIM5,3.3507,-0.7,49.3,0.0197,NO SIGNAL
TAEE11/MGLU3,8.2489,-0.7,48.4,0.082,NO SIGNAL
EQTL3/MGLU3,7.9958,-0.69,48.7,0.0552,NO SIGNAL
VALE3/KLBN11,4.1738,-0.69,36.8,-0.1047,NO SIGNAL
GOAU4/VAMO3,3.2945,-0.66,48.2,-0.008,NO SIGNAL
CSAN3/PCAR3,1.4065,-0.65,40.8,-0.0917,NO SIGNAL
HAPV3/TOTS3,0.3544,-0.65,44.9,-0.0013,NO SIGNAL
CYRE3/YDUQ3,2.5545,-0.65,47.7,0.0338,NO SIGNAL
TOTS3/GOAU4,2.7533,-0.65,43.3,-0.0821,NO SIGNAL
WEGE3/PCAR3,16.4317,-0.65,40.5,-1.139,NO SIGNAL
MGLU3/PCAR3,1.705,-0.64,37.5,-0.177,NO SIGNAL
PETR3/GGBR4,1.911,-0.64,46.0,-0.022,NO SIGNAL
WEGE3/KLBN11,2.5364,-0.64,44.5,-0.0185,NO SIGNAL
B3SA3/KLBN11,0.8595,-0.63,44.2,-0.0038,NO SIGNAL
ABEV3/SUZB3,0.376,-0.63,45.1,-0.0034,NO SIGNAL
VALE3/PCAR3,27.0396,-0.62,37.3,-2.5285,NO SIGNAL
RENT3/LREN3,2.7823,-0.61,46.2,-0.0215,NO SIGNAL
TAEE11/USIM5,4.7451,-0.61,51.2,0.0663,NO SIGNAL
B3SA3/UGPA3,0.4822,-0.6,38.9,-0.0224,NO SIGNAL
VIVT3/YDUQ3,4.0074,-0.6,45.2,0.1201,NO SIGNAL
PETR4/GOAU4,3.9069,-0.6,46.1,-0.0444,NO SIGNAL
BBDC4/TOTS3,0.6209,-0.6,47.2,0.0088,NO SIGNAL
CSAN3/UGPA3,0.1218,-0.59,39.4,-0.0056,NO SIGNAL
CMIG4/TOTS3,0.375,-0.58,47.3,0.0029,NO SIGNAL
VALE3/SUZB3,1.7621,-0.56,42.5,-0.0311,NO SIGNAL
HAPV3/CSAN3,2.6803,-0.54,44.3,-0.0503,NO SIGNAL
ABEV3/PCAR3,5.7698,-0.54,39.1,-0.4685,NO SIGNAL
EQTL3/HAPV3,3.6164,-0.54,48.5,0.0153,NO SIGNAL
RENT3/MGLU3,7.8481,-0.54,45.2,-0.1277,NO SIGNAL
RENT3/USIM5,4.5146,-0.52,47.9,-0.055,NO SIGNAL
RAIL3/UGPA3,0.4346,-0.5,38.6,-0.0217,NO SIGNAL
RAIL3/PCAR3,5.018,-0.5,40.1,-0.3535,NO SIGNAL
B3SA3/CSNA3,2.9374,-0.47,51.5,0.0051,NO SIGNAL
RENT3/RADL3,2.0981,-0.47,39.8,-0.0699,NO SIGNAL
RENT3/HAPV3,3.5496,-0.47,45.4,-0.0699,NO SIGNAL
PETR3/VAMO3,14.5614,-0.47,47.6,-0.1345,NO SIGNAL
VALE3/UGPA3,2.3417,-0.47,33.4,-0.1645,NO SIGNAL
WEGE3/SUZB3,1.0708,-0.47,48.0,-0.0007,NO SIGNAL
YDUQ3/ALPA4,0.7026,-0.46,48.0,-0.0078,NO SIGNAL
EQTL3/USIM5,4.5995,-0.46,51.6,0.0494,NO SIGNAL
BBAS3/UGPA3,0.6486,-0.46,39.4,-0.029,NO SIGNAL
ABEV3/UGPA3,0.4997,-0.46,35.5,-0.0297,NO SIGNAL
PRIO3/UGPA3,1.8156,-0.45,39.9,-0.0957,NO SIGNAL
WEGE3/UGPA3,1.4231,-0.45,40.1,-0.071,NO SIGNAL
YDUQ3/MGLU3,1.7046,-0.45,47.8,-0.0323,NO SIGNAL
LREN3/MGLU3,2.8207,-0.45,46.3,-0.0269,NO SIGNAL
RADL3/MGLU3,3.7405,-0.45,51.8,0.0604,NO SIGNAL
B3SA3/PCAR3,5.5683,-0.45,40.6,-0.3794,NO SIGNAL
LREN3/ALPA4,1.1626,-0.44,47.6,0.0009,NO SIGNAL
VIVT3/CYRE3,1.5688,-0.44,46.0,0.025,NO SIGNAL
VALE3/BBAS3,3.6105,-0.42,41.9,-0.0773,NO SIGNAL
VALE3/CSNA3,14.2638,-0.41,48.3,-0.2622,NO SIGNAL
ASAI3/MGLU3,1.7278,-0.4,50.6,-0.0027,NO SIGNAL
LREN3/USIM5,1.6226,-0.4,49.8,-0.0064,NO SIGNAL
BBAS3/PCAR3,7.4892,-0.4,39.9,-0.4839,NO SIGNAL
RAIL3/CSNA3,2.6471,-0.39,51.9,-0.0077,NO SIGNAL
VALE3/PRIO3,1.2898,-0.39,45.6,-0.0194,NO SIGNAL
HAPV3/CMIG4,0.945,-0.39,45.8,-0.0115,NO SIGNAL
TOTS3/PCAR3,10.6367,-0.38,41.6,-0.8866,NO SIGNAL
SUZB3/UGPA3,1.329,-0.38,38.0,-0.0653,NO SIGNAL
WEGE3/CSNA3,8.6679,-0.37,51.1,-0.0306,NO SIGNAL
BBDC4/WEGE3,0.4019,-0.37,47.2,0.0015,NO SIGNAL
TOTS3/UGPA3,0.9212,-0.37,41.5,-0.056,NO SIGNAL
BBDC4/CMIG4,1.6555,-0.36,49.4,0.0105,NO SIGNAL
TAEE11/ASAI3,4.7741,-0.36,47.4,0.0557,NO SIGNAL
ABEV3/CSNA3,3.0436,-0.36,50.4,-0.032,NO SIGNAL
SUZB3/PCAR3,15.3453,-0.35,40.4,-1.0751,NO SIGNAL
LREN3/HAPV3,1.2758,-0.35,47.0,-0.0154,NO SIGNAL
ABEV3/PRIO3,0.2752,-0.35,48.0,-0.0018,NO SIGNAL
EQTL3/ASAI3,4.6276,-0.35,47.5,0.0387,NO SIGNAL
BPAC11/MGLU3,11.597,-0.34,53.9,0.197,NO SIGNAL
WEGE3/PRIO3,0.7838,-0.34,49.2,0.001,NO SIGNAL
ALPA4/MGLU3,2.4262,-0.33,48.6,-0.0261,NO SIGNAL
VALE3/ABEV3,4.6864,-0.32,46.0,-0.0406,NO SIGNAL
CSNA3/UGPA3,0.1642,-0.31,41.2,-0.0088,NO SIGNAL
YDUQ3/ASAI3,0.9866,-0.31,46.4,-0.019,NO SIGNAL
VALE3/TOTS3,2.5421,-0.31,46.2,-0.0168,NO SIGNAL
YDUQ3/USIM5,0.9806,-0.3,49.8,-0.0154,NO SIGNAL
BBAS3/SUZB3,0.488,-0.29,50.2,0.0016,NO SIGNAL
PRIO3/PCAR3,20.964,-0.28,40.2,-1.5961,NO SIGNAL
VALE3/B3SA3,4.8559,-0.28,45.6,-0.0998,NO SIGNAL
LREN3/ASAI3,1.6325,-0.27,45.4,-0.0134,NO SIGNAL
BBAS3/CSNA3,3.9507,-0.27,52.3,0.0058,NO SIGNAL
KLBN11/UGPA3,0.5611,-0.27,41.3,-0.0229,NO SIGNAL
ITUB4/MGLU3,8.8565,-0.26,53.4,0.1343,NO SIGNAL
USIM5/MGLU3,1.7384,-0.25,46.9,-0.0132,NO SIGNAL
VALE3/RAIL3,5.3885,-0.24,43.8,-0.0904,NO SIGNAL
KLBN11/PCAR3,6.4784,-0.22,41.7,-0.3925,NO SIGNAL
RENT3/EQTL3,0.9815,-0.22,42.7,-0.0239,NO SIGNAL
HAPV3/MGLU3,2.211,-0.22,50.3,0.0077,NO SIGNAL
BBAS3/PRIO3,0.3572,-0.21,50.8,0.002,NO SIGNAL
RENT3/YDUQ3,4.604,-0.21,47.7,0.0162,NO SIGNAL
WEGE3/TOTS3,1.5448,-0.21,49.0,0.0151,NO SIGNAL
WEGE3/B3SA3,2.9509,-0.21,50.3,-0.0119,NO SIGNAL
VALE3/WEGE3,1.6456,-0.2,45.1,-0.0286,NO SIGNAL
ABEV3/TOTS3,0.5424,-0.19,48.0,0.0009,NO SIGNAL
SUZB3/CSNA3,8.0949,-0.18,52.4,-0.0127,NO SIGNAL
ABEV3/B3SA3,1.0362,-0.18,49.0,-0.0125,NO SIGNAL
PETR4/UGPA3,1.3072,-0.18,40.9,-0.054,NO SIGNAL
PETR3/GOAU4,4.4199,-0.17,48.1,-0.0341,NO SIGNAL
MULT3/YDUQ3,3.4171,-0.16,49.3,0.0742,NO SIGNAL
VALE3/CSAN3,19.2251,-0.15,44.7,-0.4164,NO SIGNAL
PRIO3/KLBN11,3.236,-0.15,45.9,-0.0338,NO SIGNAL
WEGE3/RAIL3,3.2746,-0.14,48.8,0.0009,NO SIGNAL
PRIO3/CSNA3,11.0588,-0.14,51.4,-0.0339,NO SIGNAL
CSNA3/PCAR3,1.8957,-0.13,41.4,-0.1525,NO SIGNAL
RAIL3/TOTS3,0.4718,-0.12,49.9,0.0044,NO SIGNAL
RENT3/TAEE11,0.9514,-0.11,45.2,-0.0264,NO SIGNAL
PCAR3/UGPA3,0.0866,-0.11,53.9,0.0008,NO SIGNAL
EQTL3/LREN3,2.8347,-0.09,53.1,0.0434,NO SIGNAL
RADL3/HAPV3,1.6918,-0.08,50.8,0.0209,NO SIGNAL
ABEV3/RAIL3,1.1498,-0.08,47.1,-0.0093,NO SIGNAL
BPAC11/HAPV3,5.2452,-0.08,52.8,0.0759,NO SIGNAL
SUZB3/PRIO3,0.732,-0.08,50.6,0.0017,NO SIGNAL
WEGE3/CSAN3,11.6829,-0.05,48.9,-0.0502,NO SIGNAL
ITUB4/HAPV3,4.0057,-0.05,52.4,0.0525,NO SIGNAL
TAEE11/YDUQ3,4.8391,-0.05,50.8,0.1429,NO SIGNAL
PETR4/PCAR3,15.0935,-0.03,41.2,-0.9471,NO SIGNAL
BPAC11/RADL3,3.1004,-0.01,53.1,0.0069,NO SIGNAL
USIM5/ALPA4,0.7165,-0.0,47.8,0.0015,NO SIGNAL
B3SA3/TOTS3,0.5235,-0.0,48.7,0.0071,NO SIGNAL
EQTL3/YDUQ3,4.6906,0.01,51.4,0.1232,NO SIGNAL
BBDC4/MGLU3,3.8734,0.02,55.4,0.0751,NO SIGNAL
CSNA3/KLBN11,0.2926,0.02,44.9,-0.0028,NO SIGNAL
RENT3/MULT3,1.3473,0.02,46.6,-0.0251,NO SIGNAL
ITUB4/RADL3,2.3677,0.03,53.6,0.0017,NO SIGNAL
RADL3/USIM5,2.1517,0.04,53.6,0.0384,NO SIGNAL
ABEV3/CSAN3,4.1023,0.04,47.6,-0.0538,NO SIGNAL
BPAC11/USIM5,6.6711,0.06,56.0,0.1333,NO SIGNAL
HAPV3/USIM5,1.2718,0.06,52.2,0.0091,NO SIGNAL
LREN3/YDUQ3,1.6547,0.08,49.5,0.0175,NO SIGNAL
RADL3/ALPA4,1.5417,0.09,52.4,0.0364,NO SIGNAL
BBAS3/TOTS3,0.7041,0.09,50.6,0.0097,NO SIGNAL
ABEV3/WEGE3,0.3511,0.09,48.7,-0.003,NO SIGNAL
ITUB4/BPAC11,0.7637,0.1,49.7,-0.0011,NO SIGNAL
VALE3/MGLU3,15.8587,0.11,52.7,-0.0023,NO SIGNAL
CMIG4/MGLU3,2.3397,0.11,55.6,0.0321,NO SIGNAL
PETR4/CSNA3,7.962,0.13,53.3,0.044,NO SIGNAL
LREN3/TAEE11,0.3419,0.13,47.7,-0.0068,NO SIGNAL
B3SA3/RAIL3,1.1097,0.13,47.7,0.0044,NO SIGNAL
PETR3/UGPA3,1.4788,0.14,43.2,-0.0552,NO SIGNAL
ITUB4/USIM5,5.0947,0.14,56.6,0.0969,NO SIGNAL
PRIO3/TOTS3,1.9709,0.14,49.7,0.0155,NO SIGNAL
BPAC11/ALPA4,4.78,0.14,55.3,0.1244,NO SIGNAL
VALE3/CMIG4,6.7782,0.14,46.0,-0.0995,NO SIGNAL
HAPV3/ALPA4,0.9113,0.15,51.0,0.0101,NO SIGNAL
WEGE3/MGLU3,9.6371,0.17,55.5,0.1405,NO SIGNAL
VIVT3/SBSP3,1.1975,0.18,49.5,0.0093,NO SIGNAL
USIM5/ASAI3,1.0061,0.18,45.8,-0.0078,NO SIGNAL
PETR3/PCAR3,17.0755,0.18,42.3,-0.9989,NO SIGNAL
EQTL3/TAEE11,0.9693,0.19,50.7,-0.0033,NO SIGNAL
CSNA3/TOTS3,0.1782,0.19,47.5,0.0018,NO SIGNAL
ITUB4/ALPA4,3.6504,0.19,55.4,0.0916,NO SIGNAL
BBAS3/B3SA3,1.345,0.2,52.8,0.0005,NO SIGNAL
TOTS3/CSAN3,7.5627,0.2,50.0,-0.1093,NO SIGNAL
SUZB3/TOTS3,1.4427,0.21,50.4,0.0149,NO SIGNAL
RADL3/ASAI3,2.1648,0.22,50.6,0.0346,NO SIGNAL
VALE3/BBDC4,4.0942,0.23,46.8,-0.0874,NO SIGNAL
HAPV3/ASAI3,1.2796,0.24,49.4,0.0037,NO SIGNAL
TAEE11/MULT3,1.4162,0.24,53.1,0.0117,NO SIGNAL
GOAU4/PCAR3,3.8633,0.24,44.0,-0.1919,NO SIGNAL
RAIL3/CSAN3,3.5678,0.25,50.3,-0.0157,NO SIGNAL
GGBR4/VAMO3,7.6196,0.25,50.9,0.0094,NO SIGNAL
ABEV3/MGLU3,3.384,0.25,55.0,0.0237,NO SIGNAL
BBAS3/WEGE3,0.4558,0.27,51.6,0.0016,NO SIGNAL
WEGE3/CMIG4,4.119,0.27,52.1,0.009,NO SIGNAL
PRIO3/B3SA3,3.7649,0.28,50.8,-0.0218,NO SIGNAL
PETR4/KLBN11,2.3298,0.28,49.0,-0.0011,NO SIGNAL
BBDC4/HAPV3,1.7519,0.28,53.6,0.0298,NO SIGNAL
RADL3/YDUQ3,2.1943,0.28,53.8,0.0744,NO SIGNAL
GOAU4/UGPA3,0.3346,0.29,45.1,-0.0098,NO SIGNAL
HAPV3/YDUQ3,1.297,0.29,52.0,0.0277,NO SIGNAL
BBAS3/RAIL3,1.4925,0.3,51.1,0.0067,NO SIGNAL
B3SA3/CSAN3,3.9591,0.3,48.0,-0.0019,NO SIGNAL
PRIO3/RAIL3,4.1778,0.31,49.6,-0.0087,NO SIGNAL
RADL3/LREN3,1.3261,0.31,55.4,0.0297,NO SIGNAL
VALE3/HAPV3,7.1727,0.32,51.8,-0.0195,NO SIGNAL
SUZB3/B3SA3,2.7558,0.34,52.3,-0.0087,NO SIGNAL
WEGE3/HAPV3,4.3588,0.34,53.9,0.0555,NO SIGNAL
CSAN3/MGLU3,0.8249,0.35,58.2,0.0161,NO SIGNAL
PETR4/TOTS3,1.419,0.35,51.5,0.0243,NO SIGNAL
BPAC11/ASAI3,6.7118,0.36,53.8,0.1253,NO SIGNAL
BPAC11/YDUQ3,6.8032,0.36,56.2,0.2436,NO SIGNAL
BBAS3/ABEV3,1.298,0.37,54.7,0.0147,NO SIGNAL
TOTS3/MGLU3,6.2384,0.37,56.9,0.0411,NO SIGNAL
VAMO3/PCAR3,1.1727,0.37,45.3,-0.0549,NO SIGNAL
ALPA4/ASAI3,1.4042,0.39,47.5,-0.0135,NO SIGNAL
KLBN11/TOTS3,0.6091,0.39,52.9,0.0101,NO SIGNAL
ITUB4/YDUQ3,5.1955,0.4,55.8,0.1791,NO SIGNAL
LREN3/MULT3,0.4842,0.41,50.2,-0.0054,NO SIGNAL
PETR3/CSNA3,9.0076,0.41,54.3,0.0797,NO SIGNAL
PRIO3/CSAN3,14.9054,0.41,49.8,-0.1003,NO SIGNAL
VALE3/RADL3,4.2397,0.42,51.5,-0.069,NO SIGNAL
TAEE11/CYRE3,1.8944,0.43,53.7,0.0309,NO SIGNAL
RAIL3/MGLU3,2.943,0.43,57.3,0.0458,NO SIGNAL
CSNA3/CSAN3,1.3478,0.44,46.9,-0.0076,NO SIGNAL
ITUB4/ASAI3,5.1258,0.44,53.5,0.0888,NO SIGNAL
MULT3/CYRE3,1.3377,0.46,52.1,0.0109,NO SIGNAL
GGBR4/PCAR3,8.9353,0.47,45.2,-0.4064,NO SIGNAL
SUZB3/RAIL3,3.0581,0.48,50.6,0.0024,NO SIGNAL
PETR3/TOTS3,1.6053,0.48,52.6,0.0327,NO SIGNAL
BPAC11/LREN3,4.1114,0.49,60.0,0.1023,NO SIGNAL
BBAS3/CSAN3,5.3248,0.49,51.1,0.0007,NO SIGNAL
PETR4/SUZB3,0.9836,0.5,52.1,0.0061,NO SIGNAL
WEGE3/RADL3,2.5764,0.51,55.9,0.0007,NO SIGNAL
PETR4/WEGE3,0.9186,0.52,52.6,0.0055,NO SIGNAL
BBDC4/YDUQ3,2.2723,0.52,56.8,0.0866,NO SIGNAL
BBDC4/ALPA4,1.5965,0.52,56.7,0.0458,NO SIGNAL
B3SA3/MGLU3,3.2658,0.54,56.4,0.0657,NO SIGNAL
PETR3/KLBN11,2.6358,0.56,51.3,0.0079,NO SIGNAL
ABEV3/HAPV3,1.5305,0.56,54.8,0.0078,NO SIGNAL
BBDC4/USIM5,2.2282,0.56,58.9,0.0507,NO SIGNAL
BBAS3/MGLU3,4.3924,0.57,57.2,0.0852,NO SIGNAL
VAMO3/UGPA3,0.1016,0.58,47.7,-0.0028,NO SIGNAL
CSNA3/CMIG4,0.4752,0.58,49.2,0.0004,NO SIGNAL
SUZB3/MGLU3,9.0,0.59,56.9,0.1442,NO SIGNAL
HAPV3/MULT3,0.3796,0.59,52.7,-0.0001,NO SIGNAL
RAIL3/HAPV3,1.3311,0.59,56.1,0.0164,NO SIGNAL
PETR4/VALE3,0.5582,0.59,58.4,0.0123,NO SIGNAL
BBDC4/RADL3,1.0355,0.6,55.5,0.0047,NO SIGNAL
PETR4/RAIL3,3.0079,0.6,52.2,0.0229,NO SIGNAL
VALE3/BPAC11,1.3675,0.61,48.8,-0.0263,NO SIGNAL
PETR4/ABEV3,2.616,0.62,55.5,0.037,NO SIGNAL
HAPV3/TAEE11,0.268,0.62,51.3,-0.0023,NO SIGNAL
BBDC4/ASAI3,2.2418,0.62,55.9,0.0469,NO SIGNAL
WEGE3/ALPA4,3.9722,0.63,56.9,0.0987,NO SIGNAL
ITUB4/LREN3,3.1399,0.63,60.4,0.0749,NO SIGNAL
VALE3/ALPA4,6.5365,0.63,54.5,0.0608,NO SIGNAL
ABEV3/CMIG4,1.4463,0.64,51.4,-0.0089,NO SIGNAL
EQTL3/CYRE3,1.8362,0.65,55.5,0.0238,NO SIGNAL
BPAC11/RENT3,1.4777,0.65,63.3,0.0471,NO SIGNAL
RENT3/VIVT3,1.1489,0.65,53.2,-0.0293,NO SIGNAL
PETR3/WEGE3,1.0392,0.66,53.9,0.0096,NO SIGNAL
CMIG4/YDUQ3,1.3725,0.66,57.5,0.0441,NO SIGNAL
HAPV3/CYRE3,0.5078,0.66,53.7,0.0038,NO SIGNAL
PETR4/BBAS3,2.0154,0.66,51.8,0.0059,NO SIGNAL
PRIO3/MGLU3,12.2954,0.66,54.5,0.1799,NO SIGNAL
CSNA3/YDUQ3,0.6522,0.68,54.1,0.0225,NO SIGNAL
B3SA3/CMIG4,1.3959,0.68,51.9,0.0075,NO SIGNAL
CSNA3/ALPA4,0.4583,0.7,53.5,0.0111,NO SIGNAL
RADL3/CYRE3,0.859,0.71,57.7,0.0174,NO SIGNAL
B3SA3/YDUQ3,1.9158,0.71,58.2,0.0719,NO SIGNAL
WEGE3/YDUQ3,5.6535,0.71,57.7,0.1922,NO SIGNAL
CSNA3/MGLU3,1.1118,0.72,53.9,0.0203,NO SIGNAL
VALE3/YDUQ3,9.3032,0.72,54.8,0.1759,NO SIGNAL
B3SA3/HAPV3,1.4771,0.72,54.6,0.0247,NO SIGNAL
PETR4/CSAN3,10.7315,0.73,52.2,0.0345,NO SIGNAL
PETR4/PRIO3,0.72,0.73,55.5,0.0066,NO SIGNAL
CSNA3/ASAI3,0.6435,0.73,52.1,0.01,NO SIGNAL
PRIO3/YDUQ3,7.2129,0.73,55.5,0.2273,NO SIGNAL
PRIO3/CMIG4,5.2552,0.73,52.2,-0.0032,NO SIGNAL
ABEV3/RADL3,0.9047,0.73,55.2,-0.0072,NO SIGNAL
VALE3/ITUB4,1.7906,0.74,49.0,-0.0317,NO SIGNAL
PETR3/SUZB3,1.1128,0.74,54.0,0.0107,NO SIGNAL
KLBN11/MGLU3,3.7996,0.74,59.9,0.0819,NO SIGNAL
SUZB3/CSAN3,10.9105,0.74,50.7,-0.0417,NO SIGNAL
CMIG4/USIM5,1.3459,0.75,57.7,0.0226,NO SIGNAL
PETR3/RAIL3,3.4029,0.76,54.0,0.0371,NO SIGNAL
PETR3/ABEV3,2.9595,0.77,57.1,0.0514,NO SIGNAL
ITUB4/RENT3,1.1285,0.77,64.7,0.0346,NO SIGNAL
CMIG4/ALPA4,0.9643,0.78,58.3,0.0216,NO SIGNAL
EQTL3/MULT3,1.3727,0.78,54.9,0.0068,NO SIGNAL
BBDC4/LREN3,1.3732,0.78,62.3,0.0376,NO SIGNAL
GGBR4/TOTS3,0.84,0.79,58.2,0.0252,NO SIGNAL
RADL3/TAEE11,0.4535,0.79,54.7,0.002,NO SIGNAL
GGBR4/UGPA3,0.7738,0.8,48.2,-0.0196,NO SIGNAL
RADL3/MULT3,0.6422,0.81,57.4,0.0081,NO SIGNAL
PETR4/B3SA3,2.7106,0.81,53.3,0.01,NO SIGNAL
B3SA3/ALPA4,1.3461,0.82,57.4,0.0371,NO SIGNAL
BBDC4/RENT3,0.4935,0.83,65.8,0.0169,NO SIGNAL
B3SA3/ASAI3,1.8901,0.84,56.3,0.0377,NO SIGNAL
BBAS3/YDUQ3,2.5767,0.84,60.5,0.0963,NO SIGNAL
PETR4/YDUQ3,5.1931,0.84,57.8,0.2087,NO SIGNAL
CSNA3/USIM5,0.6396,0.84,56.6,0.0131,NO SIGNAL
PRIO3/HAPV3,5.5611,0.84,54.0,0.0615,NO SIGNAL
ABEV3/YDUQ3,1.9851,0.85,58.4,0.0521,NO SIGNAL
PRIO3/ALPA4,5.0678,0.87,55.9,0.1105,NO SIGNAL
CMIG4/ASAI3,1.3541,0.87,55.8,0.0198,NO SIGNAL
WEGE3/ASAI3,5.5775,0.88,55.7,0.0945,NO SIGNAL
PRIO3/ASAI3,7.116,0.89,54.8,0.0979,NO SIGNAL
RAIL3/CMIG4,1.2579,0.89,54.9,0.0017,NO SIGNAL
PETR3/CSAN3,12.1407,0.89,53.6,0.0791,NO SIGNAL
VALE3/ASAI3,9.1783,0.89,52.5,0.0053,NO SIGNAL
SUZB3/HAPV3,4.0706,0.9,56.2,0.0543,NO SIGNAL
PETR3/YDUQ3,5.875,0.9,58.4,0.2526,NO SIGNAL
SUZB3/YDUQ3,5.2797,0.91,59.8,0.1801,NO SIGNAL
B3SA3/USIM5,1.8786,0.91,59.0,0.0418,NO SIGNAL
PRIO3/LREN3,4.359,0.92,57.2,0.0901,NO SIGNAL
BBAS3/HAPV3,1.9866,0.92,56.4,0.0329,NO SIGNAL
LREN3/VIVT3,0.4129,0.92,55.0,-0.0075,NO SIGNAL
PETR4/MGLU3,8.8523,0.92,57.7,0.206,NO SIGNAL
RAIL3/USIM5,1.693,0.92,58.6,0.0302,NO SIGNAL
CSAN3/ALPA4,0.34,0.93,57.8,0.0088,NO SIGNAL
BBDC4/BPAC11,0.334,0.93,52.8,0.0008,NO SIGNAL
PRIO3/USIM5,7.0728,0.93,57.3,0.1241,NO SIGNAL
TOTS3/USIM5,3.5886,0.94,57.7,0.0352,NO SIGNAL
RAIL3/YDUQ3,1.7265,0.94,60.5,0.0574,NO SIGNAL
GGBR4/KLBN11,1.3792,0.95,59.0,0.0188,NO SIGNAL
B3SA3/LREN3,1.1578,0.98,65.0,0.0305,NO SIGNAL
KLBN11/YDUQ3,2.229,0.99,62.6,0.0885,NO SIGNAL
PETR4/ASAI3,5.1233,1.02,58.2,0.118,NO SIGNAL
PETR4/ALPA4,3.6487,1.03,59.6,0.1115,NO SIGNAL
CSAN3/ASAI3,0.4774,1.03,57.6,0.0092,NO SIGNAL
BPAC11/CYRE3,2.6633,1.04,62.1,0.061,NO SIGNAL
ABEV3/ALPA4,1.3948,1.04,58.4,0.024,NO SIGNAL
CSNA3/CYRE3,0.2553,1.04,57.0,0.005,NO SIGNAL
PETR4/HAPV3,4.0038,1.05,56.1,0.08,NO SIGNAL
PETR4/CMIG4,3.7836,1.07,56.7,0.0339,NO SIGNAL
PETR3/B3SA3,3.0665,1.08,54.7,0.0215,NO SIGNAL
PETR3/ASAI3,5.7961,1.08,59.4,0.1512,NO SIGNAL
RENT3/CYRE3,1.8023,1.09,49.6,-0.0184,NO SIGNAL
PETR3/MGLU3,10.0148,1.09,58.4,0.2634,NO SIGNAL
PETR3/ALPA4,4.1278,1.1,60.2,0.1385,NO SIGNAL
PETR4/LREN3,3.1384,1.1,60.8,0.092,NO SIGNAL
RAIL3/ALPA4,1.213,1.1,58.5,0.0281,NO SIGNAL
GGBR4/YDUQ3,3.0743,1.1,68.5,0.1585,NO SIGNAL
PETR4/RENT3,1.128,1.11,62.6,0.0408,NO SIGNAL
BBAS3/ASAI3,2.5421,1.11,60.8,0.0517,NO SIGNAL
KLBN11/CSAN3,4.6061,1.12,53.6,0.0127,NO SIGNAL
BBAS3/ALPA4,1.8104,1.12,61.3,0.0504,NO SIGNAL
ABEV3/BPAC11,0.2918,1.15,53.7,-0.003,NO SIGNAL
GGBR4/CSNA3,4.7135,1.15,58.8,0.0864,NO SIGNAL
BBDC4/CYRE3,0.8895,1.15,63.0,0.0224,NO SIGNAL
CSNA3/TAEE11,0.1348,1.16,54.2,0.0005,NO SIGNAL
PETR3/LREN3,3.5505,1.16,61.5,0.1145,NO SIGNAL
PETR3/HAPV3,4.5296,1.17,57.0,0.1047,NO SIGNAL
PETR3/RENT3,1.2761,1.17,63.2,0.0497,NO SIGNAL
BBAS3/USIM5,2.5267,1.17,60.4,0.0557,NO SIGNAL
PETR3/CMIG4,4.2804,1.18,57.9,0.0523,NO SIGNAL
GOAU4/CSAN3,2.7468,1.18,58.6,0.0349,NO SIGNAL
CSNA3/MULT3,0.1909,1.19,57.2,0.0023,NO SIGNAL
ABEV3/ASAI3,1.9585,1.19,57.0,0.0172,NO SIGNAL
ITUB4/CYRE3,2.0339,1.19,62.4,0.0442,NO SIGNAL
PRIO3/CYRE3,2.8236,1.19,57.4,0.0504,NO SIGNAL
SUZB3/ALPA4,3.7096,1.19,58.8,0.0928,NO SIGNAL
BBAS3/RENT3,0.5597,1.2,68.5,0.0187,NO SIGNAL
SUZB3/ASAI3,5.2088,1.2,57.7,0.0875,NO SIGNAL
BBAS3/LREN3,1.5572,1.2,63.8,0.0415,NO SIGNAL
GOAU4/ASAI3,1.3114,1.2,65.2,0.0428,NO SIGNAL
RAIL3/ASAI3,1.7033,1.21,59.0,0.0272,NO SIGNAL
VALE3/EQTL3,1.9834,1.21,56.5,-0.0152,NO SIGNAL
PETR3/PRIO3,0.8145,1.21,60.3,0.0102,NO SIGNAL
HAPV3/SBSP3,0.3876,1.21,56.3,-0.0,NO SIGNAL
PETR4/USIM5,5.0922,1.23,61.1,0.1298,NO SIGNAL
WEGE3/EQTL3,1.2053,1.23,60.3,0.0106,NO SIGNAL
VAMO3/ASAI3,0.398,1.24,63.9,0.0134,NO SIGNAL
GOAU4/ALPA4,0.9339,1.24,65.6,0.0376,NO SIGNAL
WEGE3/LREN3,3.4166,1.24,60.4,0.0804,NO SIGNAL
B3SA3/CYRE3,0.75,1.24,65.9,0.018,NO SIGNAL
TOTS3/YDUQ3,3.6597,1.26,59.4,0.0883,NO SIGNAL
VALE3/RENT3,2.0207,1.26,60.6,0.0309,NO SIGNAL
VALE3/LREN3,5.6223,1.27,57.4,0.0463,NO SIGNAL
GGBR4/ASAI3,3.033,1.27,66.4,0.1082,NO SIGNAL
VAMO3/ALPA4,0.2835,1.3,64.5,0.0115,NO SIGNAL
GGBR4/CSAN3,6.3529,1.31,60.0,0.102,NO SIGNAL
PETR3/USIM5,5.7609,1.31,61.9,0.1643,NO SIGNAL
SUZB3/LREN3,3.1907,1.31,61.9,0.0754,NO SIGNAL
VALE3/USIM5,9.1226,1.31,56.5,0.0414,NO SIGNAL
PETR4/CYRE3,2.0329,1.32,61.0,0.0547,NO SIGNAL
GGBR4/ALPA4,2.16,1.32,66.9,0.0932,NO SIGNAL
BBAS3/CMIG4,1.8774,1.32,57.4,0.0113,NO SIGNAL
LREN3/CYRE3,0.6478,1.32,52.4,-0.0019,NO SIGNAL
PETR4/ITUB4,0.9995,1.33,57.5,0.0058,NO SIGNAL
KLBN11/ASAI3,2.199,1.33,63.2,0.0508,NO SIGNAL
WEGE3/TAEE11,1.1683,1.34,59.3,0.0066,NO SIGNAL
GGBR4/LREN3,1.8579,1.35,72.4,0.0771,NO SIGNAL
KLBN11/ALPA4,1.5661,1.36,63.9,0.0482,NO SIGNAL
PETR3/CYRE3,2.2999,1.36,61.5,0.0686,NO SIGNAL
VIVT3/TIMS3,1.6495,1.37,65.7,0.0328,NO SIGNAL
VALE3/TAEE11,1.9225,1.38,56.7,-0.021,NO SIGNAL
ABEV3/RENT3,0.4312,1.39,65.1,0.0098,NO SIGNAL
RAIL3/LREN3,1.0434,1.4,63.1,0.0232,NO SIGNAL
B3SA3/RADL3,0.8731,1.4,57.3,0.0035,NO SIGNAL
GGBR4/HAPV3,2.3702,1.4,62.3,0.0776,NO SIGNAL
GOAU4/MGLU3,2.2658,1.41,63.4,0.0716,NO SIGNAL
BPAC11/TAEE11,1.4059,1.42,59.8,0.0101,NO SIGNAL
GGBR4/USIM5,3.0146,1.42,68.7,0.1153,NO SIGNAL
PETR4/BPAC11,0.7633,1.42,56.5,0.0036,NO SIGNAL
CMIG4/CYRE3,0.5373,1.42,63.3,0.0102,NO SIGNAL
HAPV3/VIVT3,0.3237,1.43,55.5,-0.0023,NO SIGNAL
PETR4/BBDC4,2.2854,1.43,56.6,0.0058,NO SIGNAL
WEGE3/CYRE3,2.2132,1.44,62.6,0.0474,NO SIGNAL
GGBR4/CMIG4,2.2399,1.45,68.1,0.0496,NO SIGNAL
PRIO3/MULT3,2.1108,1.47,58.4,0.0224,NO SIGNAL
WEGE3/USIM5,5.5437,1.47,59.2,0.1036,NO SIGNAL
PRIO3/RADL3,3.2871,1.47,54.4,-0.006,NO SIGNAL
PRIO3/EQTL3,1.5377,1.48,57.2,0.0088,NO SIGNAL
PETR3/BPAC11,0.8636,1.48,57.7,0.0069,NO SIGNAL
SUZB3/USIM5,5.1772,1.48,61.3,0.1008,NO SIGNAL
ABEV3/LREN3,1.1997,1.49,63.0,0.0193,NO SIGNAL
BBAS3/CYRE3,1.0087,1.5,65.3,0.0248,NO SIGNAL
VAMO3/MGLU3,0.6878,1.51,63.5,0.0236,NO SIGNAL
CSNA3/SBSP3,0.1949,1.51,61.8,0.0023,NO SIGNAL
TOTS3/ALPA4,2.5713,1.51,58.5,0.036,NO SIGNAL
BBDC4/EQTL3,0.4844,1.51,65.4,0.0062,NO SIGNAL
B3SA3/EQTL3,0.4084,1.52,63.5,0.0048,NO SIGNAL
VALE3/MULT3,2.7226,1.53,59.1,-0.0066,NO SIGNAL
GGBR4/CYRE3,1.2035,1.53,72.0,0.0468,NO SIGNAL
RADL3/SBSP3,0.6557,1.54,64.6,0.0083,NO SIGNAL
WEGE3/MULT3,1.6545,1.55,64.1,0.0223,NO SIGNAL
GGBR4/MGLU3,5.2405,1.55,64.4,0.1822,NO SIGNAL
BBAS3/RADL3,1.1743,1.57,59.3,0.0052,NO SIGNAL
SUZB3/CYRE3,2.0669,1.57,61.8,0.044,NO SIGNAL
SUZB3/RADL3,2.4061,1.58,58.2,0.0024,NO SIGNAL
VALE3/CYRE3,3.642,1.6,59.9,0.0201,NO SIGNAL
RENT3/SBSP3,1.3757,1.62,54.9,-0.0248,NO SIGNAL
B3SA3/MULT3,0.5607,1.62,72.5,0.0092,NO SIGNAL
PETR4/EQTL3,1.1071,1.64,62.1,0.0166,NO SIGNAL
ABEV3/USIM5,1.9466,1.65,59.0,0.0238,NO SIGNAL
ITUB4/TAEE11,1.0737,1.65,62.0,0.0064,NO SIGNAL
PETR4/MULT3,1.5197,1.65,63.7,0.0299,NO SIGNAL
BPAC11/EQTL3,1.4504,1.65,62.0,0.0151,NO SIGNAL
GGBR4/GOAU4,2.3128,1.66,59.5,0.0083,NO SIGNAL
PETR3/EQTL3,1.2525,1.67,62.7,0.0227,NO SIGNAL
SUZB3/CMIG4,3.8467,1.67,55.2,0.0099,NO SIGNAL
BBDC4/MULT3,0.665,1.67,72.2,0.0116,NO SIGNAL
PETR3/MULT3,1.7193,1.67,64.4,0.039,NO SIGNAL
KLBN11/USIM5,2.1857,1.68,66.3,0.055,NO SIGNAL
EQTL3/VIVT3,1.1705,1.68,59.1,-0.0025,NO SIGNAL
BPAC11/MULT3,1.9909,1.69,64.8,0.0301,NO SIGNAL
KLBN11/CYRE3,0.8726,1.69,67.0,0.0237,NO SIGNAL
B3SA3/TAEE11,0.3959,1.71,60.1,0.0033,NO SIGNAL
TOTS3/ASAI3,3.6105,1.71,56.8,0.0237,NO SIGNAL
PETR4/RADL3,2.3666,1.72,58.0,0.018,NO SIGNAL
RAIL3/CYRE3,0.6759,1.73,63.2,0.0136,NO SIGNAL
CSNA3/TIMS3,0.2685,1.74,64.0,0.0065,NO SIGNAL
ABEV3/CYRE3,0.7771,1.76,62.0,0.0104,NO SIGNAL
PETR3/RADL3,2.6774,1.79,58.9,0.029,NO SIGNAL
PRIO3/TAEE11,1.4905,1.8,58.4,0.0035,NO SIGNAL
BBAS3/BPAC11,0.3788,1.8,58.6,0.0007,NO SIGNAL
ITUB4/EQTL3,1.1077,1.82,64.0,0.0101,WATCH SHORT
CSNA3/VIVT3,0.1628,1.83,59.6,0.0008,WATCH SHORT
GGBR4/MULT3,0.8997,1.86,75.0,0.0288,WATCH SHORT
PRIO3/SBSP3,2.1553,1.91,61.1,0.0225,WATCH SHORT
RENT3/TIMS3,1.8951,1.92,60.4,-0.0088,WATCH SHORT
ABEV3/EQTL3,0.4232,1.94,62.8,0.0003,WATCH SHORT
GGBR4/TAEE11,0.6353,1.95,73.1,0.0158,WATCH SHORT
BBDC4/TAEE11,0.4696,1.96,65.3,0.0045,WATCH SHORT
WEGE3/VIVT3,1.4107,1.96,64.4,0.0092,WATCH SHORT
PETR3/TAEE11,1.2141,1.96,65.9,0.0181,WATCH SHORT
B3SA3/SBSP3,0.5725,1.96,74.5,0.0094,WATCH SHORT
PETR4/TAEE11,1.0731,1.98,65.2,0.0126,WATCH SHORT
LREN3/SBSP3,0.4945,1.99,58.4,-0.0053,WATCH SHORT
PETR3/SBSP3,1.7555,2.0,66.7,0.0394,WATCH SHORT
VALE3/VIVT3,2.3215,2.01,60.9,-0.0219,SHORT FIRST / LONG SECOND
PETR4/SBSP3,1.5518,2.01,66.7,0.0303,SHORT FIRST / LONG SECOND
LREN3/TIMS3,0.6811,2.02,61.7,0.0015,WATCH SHORT
HAPV3/TIMS3,0.5339,2.04,61.5,0.0065,SHORT FIRST / LONG SECOND
BBAS3/EQTL3,0.5493,2.08,69.2,0.0067,SHORT FIRST / LONG SECOND
GGBR4/SBSP3,0.9186,2.08,77.7,0.0292,SHORT FIRST / LONG SECOND
RADL3/VIVT3,0.5476,2.09,61.9,0.003,SHORT FIRST / LONG SECOND
BBAS3/MULT3,0.7541,2.1,68.4,0.0128,SHORT FIRST / LONG SECOND
RADL3/TIMS3,0.9032,2.1,68.9,0.0219,WATCH SHORT
SUZB3/EQTL3,1.1256,2.15,63.1,0.01,WATCH SHORT
BBDC4/SBSP3,0.679,2.15,76.6,0.0119,SHORT FIRST / LONG SECOND
SUZB3/MULT3,1.5451,2.19,66.0,0.0211,SHORT FIRST / LONG SECOND
RAIL3/TAEE11,0.3568,2.21,62.9,0.0016,WATCH SHORT
B3SA3/TIMS3,0.7886,2.22,71.5,0.022,WATCH SHORT
WEGE3/SBSP3,1.6893,2.22,69.2,0.0232,WATCH SHORT
ITUB4/MULT3,1.5205,2.24,66.9,0.021,SHORT FIRST / LONG SECOND
ABEV3/MULT3,0.5809,2.25,66.1,0.0033,SHORT FIRST / LONG SECOND
WEGE3/TIMS3,2.3271,2.25,71.7,0.0583,WATCH SHORT
VALE3/SBSP3,2.78,2.26,64.5,-0.0063,SHORT FIRST / LONG SECOND
CMIG4/MULT3,0.4017,2.28,67.0,0.0046,SHORT FIRST / LONG SECOND
BPAC11/VIVT3,1.6977,2.31,62.7,0.0137,SHORT FIRST / LONG SECOND
GGBR4/TIMS3,1.2654,2.33,82.7,0.0532,WATCH SHORT
PETR3/TIMS3,2.4182,2.34,70.8,0.0805,SHORT FIRST / LONG SECOND
KLBN11/MULT3,0.6523,2.37,73.9,0.0129,SHORT FIRST / LONG SECOND
PRIO3/TIMS3,2.9689,2.37,65.8,0.0657,SHORT FIRST / LONG SECOND
BBAS3/SBSP3,0.77,2.38,69.8,0.0131,SHORT FIRST / LONG SECOND
PETR4/TIMS3,2.1375,2.38,71.3,0.0653,WATCH SHORT
BBDC4/TIMS3,0.9353,2.41,73.7,0.0268,WATCH SHORT
BPAC11/SBSP3,2.0329,2.41,73.5,0.0312,SHORT FIRST / LONG SECOND
ABEV3/TAEE11,0.4102,2.44,63.6,-0.001,SHORT FIRST / LONG SECOND
VALE3/TIMS3,3.8293,2.45,69.2,0.0391,WATCH SHORT
EQTL3/SBSP3,1.4016,2.46,64.5,0.0074,SHORT FIRST / LONG SECOND
ITUB4/VIVT3,1.2965,2.48,65.1,0.0088,SHORT FIRST / LONG SECOND
PRIO3/VIVT3,1.7999,2.48,60.0,0.0066,SHORT FIRST / LONG SECOND
SUZB3/SBSP3,1.5777,2.48,69.2,0.0216,WATCH SHORT
BPAC11/TIMS3,2.8003,2.53,70.0,0.0741,WATCH SHORT
CMIG4/TAEE11,0.2836,2.57,65.3,0.0009,WATCH SHORT
BBAS3/TAEE11,0.5325,2.59,68.0,0.0048,WATCH SHORT
EQTL3/TIMS3,1.9307,2.6,69.5,0.0332,WATCH SHORT
B3SA3/VIVT3,0.4781,2.6,65.6,0.0045,WATCH SHORT
PETR3/VIVT3,1.466,2.61,64.3,0.023,SHORT FIRST / LONG SECOND
SUZB3/TAEE11,1.091,2.62,66.3,0.0064,WATCH SHORT
CMIG4/SBSP3,0.4101,2.65,74.2,0.0047,WATCH SHORT
ITUB4/TIMS3,2.1386,2.65,74.3,0.0542,WATCH SHORT
GGBR4/VIVT3,0.7671,2.66,74.1,0.0192,WATCH SHORT
RAIL3/TIMS3,0.7106,2.67,69.5,0.0171,WATCH SHORT
BBAS3/TIMS3,1.0606,2.67,73.8,0.0298,WATCH SHORT
SUZB3/TIMS3,2.1732,2.68,72.8,0.0547,WATCH SHORT
ITUB4/SBSP3,1.5525,2.71,72.8,0.0219,WATCH SHORT
PETR4/VIVT3,1.2959,2.71,64.0,0.0164,SHORT FIRST / LONG SECOND
RAIL3/VIVT3,0.4308,2.73,63.8,0.0025,WATCH SHORT
RAIL3/MULT3,0.5053,2.74,67.4,0.0063,SHORT FIRST / LONG SECOND
ABEV3/SBSP3,0.5932,2.74,70.1,0.0034,WATCH SHORT
ABEV3/VIVT3,0.4954,2.76,65.2,-0.0007,SHORT FIRST / LONG SECOND
ABEV3/TIMS3,0.8171,2.83,72.8,0.0144,WATCH SHORT
RAIL3/SBSP3,0.5159,2.85,71.2,0.0066,WATCH SHORT
BBDC4/VIVT3,0.567,2.87,65.9,0.0058,WATCH SHORT
SUZB3/VIVT3,1.3175,3.18,65.1,0.009,WATCH SHORT
BBAS3/VIVT3,0.643,3.21,66.8,0.0065,WATCH SHORT
